{
	"name": "landscape.ai",
	"width": 900,
	"height": 400,
	"layers": [
		{
			"x": "9.00",
			"y": "76.73",
			"r": "477.38",
			"b": "109.66",
			"width": "468.38",
			"height": "32.93",
			"name": "descrip-txt",
			"visible": true,
			"fontSize": 14,
			"fontColor": "#ffffff",
			"fontFamily": "Arial",
			"text": "The title text is an image, but this one was converted to pure HTML.",
			"filename": "descrip-txt.svg"
		},
		{
			"x": "0.00",
			"y": "-100.00",
			"r": "180.00",
			"b": "400.00",
			"width": "180.00",
			"height": "500.00",
			"name": "left panel",
			"visible": false,
			"filename": "left-panel.svg"
		},
		{
			"x": "53.00",
			"y": "136.00",
			"r": "150.64",
			"b": "203.00",
			"width": "97.64",
			"height": "67.00",
			"name": "ballon",
			"visible": true,
			"filename": "ballon.svg"
		},
		{
			"x": "-3.00",
			"y": "-9.00",
			"r": "495.00",
			"b": "76.00",
			"width": "498.00",
			"height": "85.00",
			"name": "Title.png",
			"visible": true,
			"fontSize": 60,
			"fontColor": "#ffee70",
			"fontFamily": "Avenir Next",
			"text": "Landscape thing",
			"filename": "Title.png"
		},
		{
			"x": "0.00",
			"y": "304.20",
			"r": "900.00",
			"b": "401.00",
			"width": "900.00",
			"height": "96.80",
			"name": "ground1",
			"visible": true,
			"filename": "ground1.svg"
		},
		{
			"x": "483.83",
			"y": "158.61",
			"r": "842.61",
			"b": "395.00",
			"width": "358.78",
			"height": "236.39",
			"name": "mountains",
			"visible": true,
			"filename": "mountains.svg"
		},
		{
			"x": "0.00",
			"y": "289.18",
			"r": "905.62",
			"b": "398.00",
			"width": "905.62",
			"height": "108.82",
			"name": "ground2",
			"visible": true,
			"filename": "ground2.svg"
		},
		{
			"x": "0.00",
			"y": "289.00",
			"r": "900.00",
			"b": "398.00",
			"width": "900.00",
			"height": "109.00",
			"name": "sea",
			"visible": true,
			"filename": "sea.svg"
		},
		{
			"x": "680.69",
			"y": "11.65",
			"r": "757.31",
			"b": "90.35",
			"width": "76.62",
			"height": "78.70",
			"name": "sun",
			"visible": true,
			"filename": "sun.svg"
		},
		{
			"x": "0.00",
			"y": "-0.00",
			"r": "900.00",
			"b": "400.00",
			"width": "900.00",
			"height": "400.00",
			"name": "bgd",
			"visible": true,
			"filename": "bgd.svg"
		}
	]
}